date,천안시 동남구,천안시 서북구,공주시,보령시,아산시,서산시,논산시,계룡시,당진시,금산군,부여군,서천군,청양군,홍성군,예산군,태안군
2025-06-01,0.0,0.0,0.0,0.0,0.0,0.0,0.0,0.0,0.0,0.0,0.0,0.0,0.0,0.0,0.0,0.0
2025-06-02,0.4,0.3,1.3,1.9,0.3,0.4,1.5,0.5,0.2,1.9,1.5,3.6,1.4,1.5,1.4,1.1
2025-06-03,0.0,0.3,0.0,0.0,0.0,0.1,0.0,0.0,0.1,0.2,0.0,0.0,0.0,0.0,0.0,0.0
2025-06-04,0.0,0.0,0.0,0.0,0.0,0.0,0.0,0.0,0.0,0.0,0.0,0.0,0.0,0.0,0.0,0.0
2025-06-05,0.0,0.0,0.0,0.0,0.0,0.0,0.0,0.0,0.0,0.0,0.0,0.0,0.0,0.0,0.0,0.0
2025-06-06,0.0,0.0,0.0,0.0,0.0,0.0,0.0,0.0,0.0,0.0,0.0,0.0,0.0,0.0,0.0,0.0
2025-06-07,0.0,0.0,0.0,0.0,0.0,0.0,0.0,0.0,0.0,0.0,0.0,0.0,0.0,0.0,0.0,0.0
2025-06-08,0.7,0.7,0.6,1.5,0.9,0.9,0.2,0.5,1.1,0.8,0.3,0.8,1.2,1.8,0.7,0.8
2025-06-09,0.3,0.3,0.3,0.9,0.0,0.2,0.0,0.0,0.5,0.0,0.1,0.5,0.2,0.2,0.1,0.3
2025-06-10,0.0,0.0,0.1,0.1,0.1,0.0,0.0,0.0,0.3,0.0,0.0,0.0,0.4,0.4,0.1,0.0
2025-06-11,0.0,0.0,0.0,0.0,0.0,0.0,0.0,0.0,0.0,0.0,0.0,0.0,0.0,0.0,0.0,0.0
2025-06-12,0.0,0.0,0.0,0.0,0.0,0.0,0.0,0.0,0.0,0.0,0.0,0.0,0.0,0.0,0.0,0.0
2025-06-13,13.7,11.1,20.9,22.6,12.0,10.5,37.6,26.2,10.7,20.2,24.1,33.4,26.2,16.8,17.6,10.5
2025-06-14,17.0,11.9,20.8,26.5,12.2,6.6,60.4,44.7,5.0,41.8,28.9,38.4,23.8,11.9,11.2,7.2
2025-06-15,3.0,6.1,4.4,4.6,4.8,4.9,3.3,2.7,5.6,2.5,3.7,3.2,4.1,5.3,3.6,6.9
2025-06-16,4.6,8.4,6.1,5.0,5.6,35.4,12.2,12.1,18.4,6.5,7.2,6.9,3.7,7.5,6.1,31.8
2025-06-17,4.0,7.6,2.2,9.9,2.5,14.7,3.4,1.4,0.4,1.3,1.6,0.9,2.3,2.4,2.1,8.7
2025-06-18,0.1,0.4,0.2,0.0,0.0,0.0,0.1,0.0,0.0,0.0,0.0,0.0,0.0,0.0,0.0,0.0
2025-06-19,0.7,0.3,0.6,1.0,0.0,0.9,0.3,0.6,0.8,0.0,1.0,1.0,0.2,0.3,0.1,1.2
2025-06-20,55.9,50.2,70.7,80.2,46.0,48.4,36.1,44.2,42.2,21.7,64.5,59.9,66.2,71.0,62.9,46.0
2025-06-21,44.8,26.6,60.7,64.6,24.9,5.6,100.4,109.4,2.9,122.9,104.2,104.0,54.9,31.9,30.8,3.8
2025-06-22,0.0,0.0,0.0,0.0,0.0,0.0,1.2,1.1,0.0,2.1,0.0,0.0,0.0,0.0,0.0,0.0
2025-06-23,0.0,0.0,0.0,0.0,0.0,0.0,0.0,0.0,0.0,0.0,0.0,0.0,0.0,0.0,0.0,0.0
2025-06-24,18.5,19.9,20.5,5.8,15.6,6.2,29.5,26.8,7.8,25.9,17.4,12.4,12.7,6.1,8.3,3.6
2025-06-25,2.5,2.2,4.9,6.7,3.6,5.0,4.3,3.2,8.8,2.0,5.2,5.0,4.2,5.5,6.0,3.5
2025-06-26,0.7,0.5,0.6,0.4,0.7,0.7,0.8,1.0,0.4,0.0,0.2,0.3,0.5,0.4,0.5,0.0
2025-06-27,0.0,0.0,0.0,0.3,0.0,0.0,0.1,0.0,0.0,0.0,0.5,0.4,0.0,1.6,0.0,3.2
2025-06-28,10.1,19.2,14.0,11.6,16.4,3.8,13.9,11.6,9.5,12.5,1.6,1.2,3.8,5.6,4.0,3.7
2025-06-29,0.2,0.5,0.2,1.1,0.3,1.4,0.2,0.3,0.6,0.0,0.2,0.4,0.4,0.6,0.2,0.9
2025-06-30,0.0,0.5,0.3,0.1,0.1,1.0,0.0,0.0,0.2,0.1,0.1,0.0,0.1,0.2,0.1,0.1
2025-07-01,9.1,9.5,4.3,4.0,4.1,2.7,5.3,3.7,2.5,3.7,1.9,1.3,3.8,2.8,5.2,0.5
2025-07-02,0.1,0.1,0.1,0.1,0.0,0.0,0.1,0.0,0.0,0.0,0.0,0.0,0.0,0.0,0.0,0.0
2025-07-03,0.2,0.1,0.3,0.3,0.1,0.6,0.3,0.3,0.3,0.0,0.2,0.9,0.5,0.2,0.2,0.2
2025-07-04,0.0,0.0,0.2,0.6,0.0,0.1,0.2,0.2,0.0,0.0,0.2,0.6,0.1,0.0,0.0,0.1
2025-07-05,0.3,0.3,0.2,1.5,0.0,0.6,0.3,0.2,0.2,0.0,0.4,1.5,0.3,0.4,0.3,0.5
2025-07-06,0.0,0.1,0.0,1.3,0.0,0.0,0.8,0.1,0.0,0.0,0.0,0.9,0.0,0.1,0.1,0.2
2025-07-07,0.1,0.0,0.0,0.0,0.1,0.0,0.4,0.0,0.3,0.0,0.0,0.1,0.1,0.0,0.0,0.0
2025-07-08,0.8,1.5,1.6,3.7,1.0,3.4,1.3,1.3,1.5,0.2,1.5,4.0,0.7,0.8,2.9,1.4
2025-07-09,0.0,0.0,0.0,0.0,0.0,0.0,0.0,0.0,0.0,0.0,0.0,0.0,0.0,0.0,0.0,0.0
2025-07-10,0.0,0.0,0.0,0.0,0.0,0.0,0.0,0.0,0.0,0.0,0.0,0.0,0.0,0.0,0.0,0.0
2025-07-11,0.0,0.0,0.0,0.0,0.0,0.0,0.0,0.0,0.0,0.0,0.0,0.0,0.0,0.0,0.0,0.0
2025-07-12,0.0,0.0,0.0,0.0,0.0,0.0,0.0,0.0,0.0,0.0,0.0,0.0,0.0,0.0,0.0,0.0
2025-07-13,2.9,2.3,3.1,2.3,2.1,1.9,13.9,15.6,1.9,37.2,2.2,2.1,1.3,1.3,2.3,1.5
2025-07-14,6.7,13.5,13.7,3.0,7.9,13.7,13.7,19.2,12.9,23.2,9.2,11.2,6.5,12.0,9.2,2.6
2025-07-15,3.9,6.7,1.3,6.2,3.9,7.0,3.2,6.6,5.6,4.8,1.0,5.5,1.1,5.0,2.3,8.4
2025-07-16,12.0,19.1,16.8,30.9,15.0,51.2,21.0,21.3,34.5,13.7,26.9,27.6,18.2,30.5,21.1,59.0
2025-07-17,61.2,83.7,50.8,108.7,68.5,68.5,25.7,40.9,73.5,13.3,84.8,105.8,80.4,145.1,111.1,75.9
2025-07-18,5.0,12.2,5.5,26.0,7.8,39.4,14.2,10.0,15.5,15.5,19.4,26.3,11.6,16.8,11.4,34.3
2025-07-19,27.8,34.5,23.1,38.8,21.2,12.0,68.9,58.0,14.1,78.5,57.0,95.0,13.2,5.4,5.6,12.9
2025-07-20,0.1,4.8,0.7,0.2,0.4,3.5,0.0,0.2,1.0,0.1,3.7,2.5,0.9,0.3,0.5,22.1
2025-07-21,1.9,1.2,1.9,0.2,0.3,0.8,3.8,4.4,1.3,2.8,2.3,0.4,0.9,0.9,1.4,0.5
2025-07-22,6.3,13.9,2.8,0.8,13.3,0.3,4.6,2.6,8.3,1.2,0.5,0.7,1.1,2.1,2.7,0.2
2025-07-23,0.0,0.0,0.0,0.2,0.0,0.7,0.0,0.0,0.3,0.0,0.0,0.0,0.0,0.1,0.0,0.5
2025-07-24,0.0,0.0,0.0,0.2,0.0,0.0,0.0,0.0,0.0,0.0,0.0,0.0,0.0,0.0,0.0,0.0
2025-07-25,0.0,0.0,0.0,0.5,0.0,0.0,0.2,0.0,0.0,0.0,0.0,0.0,0.0,0.0,0.0,0.0
2025-07-26,0.0,0.0,0.0,1.8,0.0,0.0,0.0,0.0,0.0,0.0,0.0,0.0,0.0,0.0,0.0,0.0
2025-07-27,0.0,0.0,0.0,0.0,0.0,0.2,0.0,0.1,0.0,0.0,0.0,0.0,0.0,0.0,0.0,0.0
2025-07-28,0.0,0.0,0.3,0.0,0.0,0.0,0.3,0.0,0.0,0.0,0.1,0.0,0.7,2.0,1.0,0.0
2025-07-29,0.0,0.0,0.0,0.0,0.0,0.3,0.0,0.0,0.0,0.0,0.0,0.0,0.0,0.0,0.1,0.0
2025-07-30,0.0,0.1,0.1,5.1,0.0,1.0,0.2,1.3,0.0,0.0,0.6,2.5,0.1,0.1,0.1,0.3
2025-07-31,0.0,0.0,0.0,0.0,0.0,0.0,0.0,0.0,0.0,0.1,0.0,0.0,0.0,0.0,0.0,0.0
2025-08-01,0.1,0.1,0.0,0.0,0.1,0.0,0.0,0.0,0.8,0.0,0.0,0.0,0.4,0.0,0.0,0.0
2025-08-02,0.6,0.2,0.0,0.0,1.2,0.0,0.0,0.1,0.4,0.0,0.0,0.0,0.0,0.0,0.0,0.0
2025-08-03,23.3,30.7,31.3,32.3,38.5,19.0,24.2,28.0,13.1,26.9,36.5,29.6,30.1,29.1,22.3,30.5
2025-08-04,12.2,13.5,19.2,7.7,6.1,3.6,15.0,13.3,4.8,5.4,11.6,8.8,11.9,5.1,3.2,2.8
2025-08-05,0.1,0.0,0.0,0.2,0.0,2.2,0.9,0.2,1.7,2.1,0.4,0.7,0.1,0.0,0.0,0.6
2025-08-06,9.1,10.7,13.4,10.7,7.3,9.7,13.8,8.1,8.9,8.6,8.9,3.1,10.3,12.0,11.7,10.8
2025-08-07,0.4,0.7,0.2,1.2,1.1,0.2,1.4,1.3,0.2,1.6,0.1,0.5,0.4,0.4,0.8,0.0
2025-08-08,0.0,0.0,0.1,0.0,0.0,0.0,0.0,0.0,0.0,0.1,0.0,0.0,0.1,0.1,0.0,0.0
2025-08-09,3.2,6.4,1.8,2.1,5.2,9.2,2.6,2.5,8.1,2.2,2.5,4.6,2.3,3.0,3.0,7.3
2025-08-10,0.0,0.0,0.0,0.0,0.0,0.0,0.0,0.0,0.0,0.0,0.0,0.0,0.0,0.0,0.0,0.0
2025-08-11,7.3,6.9,7.5,6.9,8.7,4.3,9.1,8.2,6.0,6.6,10.1,9.0,6.5,6.3,6.9,3.1
2025-08-12,0.2,0.1,0.2,0.0,0.0,0.0,0.5,0.3,0.0,2.1,0.1,0.2,0.1,0.0,0.0,0.0
2025-08-13,11.4,14.2,7.4,10.7,12.8,27.4,11.3,7.4,22.2,9.6,5.6,5.2,7.6,12.6,11.9,24.2
2025-08-14,21.2,17.1,13.3,12.0,15.5,28.4,5.2,4.9,22.7,0.9,2.0,2.0,5.5,9.5,20.7,21.5
2025-08-15,2.2,8.2,1.8,3.6,6.0,0.8,1.5,1.1,6.3,1.1,2.2,3.7,2.8,3.8,2.3,1.2
2025-08-16,0.0,0.0,0.0,0.0,0.0,0.9,0.2,0.1,0.8,0.0,0.1,0.2,0.0,0.0,0.0,3.0
2025-08-17,0.4,0.4,0.8,0.7,0.4,2.1,0.5,1.1,3.1,0.0,1.6,3.5,1.2,1.4,0.7,0.9
2025-08-18,3.9,0.6,1.9,2.4,0.5,0.6,0.5,0.1,0.7,0.0,0.2,3.7,1.9,1.1,0.6,1.0
2025-08-19,1.4,2.9,2.6,5.8,0.6,1.4,2.1,1.9,1.8,1.1,1.5,5.5,1.9,1.9,1.3,3.5
2025-08-20,0.4,0.6,0.6,3.3,0.3,1.7,1.2,1.0,1.4,1.3,0.9,1.8,1.6,2.1,0.8,2.9
2025-08-21,1.0,0.1,0.5,0.1,1.2,0.6,0.4,0.2,1.4,0.7,0.4,0.1,2.2,0.5,0.6,0.8
2025-08-22,0.3,0.0,0.2,0.0,0.0,0.0,0.0,0.0,0.2,0.0,0.0,0.0,0.2,0.0,0.0,0.0
2025-08-23,0.3,0.1,0.6,0.2,0.1,0.5,0.0,0.2,1.0,0.0,0.2,0.5,0.5,0.0,0.5,0.3
2025-08-24,0.2,0.5,0.0,0.0,0.0,0.3,0.0,0.8,0.4,0.3,0.3,0.3,0.0,0.0,0.0,0.5
2025-08-25,0.6,1.0,1.4,8.0,0.7,8.6,3.3,2.4,3.8,0.5,1.4,3.5,3.0,13.4,4.5,7.2
2025-08-26,22.5,26.8,38.6,51.3,30.4,30.7,37.7,21.9,30.2,2.2,48.4,18.3,38.7,44.9,50.4,20.9
2025-08-27,0.1,0.1,0.1,0.0,0.1,0.0,0.0,0.0,0.0,0.0,0.0,0.0,0.1,0.0,0.0,0.0
2025-08-28,0.8,0.9,0.5,1.1,1.6,1.1,0.2,0.7,1.8,2.2,0.4,0.9,0.7,1.0,0.9,0.8
2025-08-29,0.4,0.6,0.7,3.2,0.3,4.6,1.2,0.6,3.5,0.0,0.5,5.3,0.6,3.2,1.0,4.0
2025-08-30,2.4,3.6,1.5,2.9,3.0,1.4,0.3,0.8,1.5,0.6,0.6,1.5,1.7,1.9,1.5,0.7
2025-08-31,0.6,0.5,0.9,3.6,2.9,3.6,1.0,1.2,2.9,4.0,2.0,5.4,1.0,1.0,0.4,1.3
