emd_cd,emd_nm,sgg_nm,parcels,area_km2,wet_freq,dry_freq
44210102,동문동,서산시,203,0.1246,0.1548,0.0082
44230109,내동,논산시,241,0.234,0.1392,0.0111
44150120,신관동,공주시,109,0.1496,0.139,0.0118
44133103,백석동,천안시서북구,189,0.1296,0.1334,0.0262
44210107,석림동,서산시,638,0.9153,0.1269,0.0131
44150121,금흥동,공주시,286,0.3134,0.1262,0.01
44150119,월송동,공주시,141,0.1808,0.1261,0.0125
44150127,동현동,공주시,193,0.3063,0.1257,0.0054
44210112,오남동,서산시,1276,2.0359,0.1251,0.0043
44210310,인지면,서산시,4930,11.129,0.1238,0.0065
44150126,송선동,공주시,227,0.3384,0.1218,0.0071
44150123,월미동,공주시,269,0.3377,0.1211,0.0084
44210103,갈산동,서산시,379,0.428,0.1194,0.0058
44180104,동대동,보령시,415,0.3019,0.1192,0.0148
44210330,팔봉면,서산시,3902,6.9831,0.1188,0.0061
44210105,잠홍동,서산시,896,1.4555,0.1173,0.0072
44210104,온석동,서산시,499,0.6516,0.1168,0.0051
44131118,신부동,천안시동남구,191,0.1231,0.1159,0.0488
44131110,삼룡동,천안시동남구,236,0.1551,0.1154,0.0185
44150107,웅진동,공주시,181,0.222,0.115,0.0114
44210106,수석동,서산시,1512,2.3682,0.113,0.0056
44210108,석남동,서산시,551,1.032,0.1125,0.0048
44150360,의당면,공주시,2515,5.222,0.1121,0.0072
44270102,채운동,당진시,219,0.3849,0.112,0.0048
44180310,주포면,보령시,1895,2.6334,0.1119,0.0068
44180110,신흑동,보령시,815,1.9303,0.1109,0.0088
44200110,읍내동,아산시,246,0.2515,0.1108,0.0093
44210110,죽성동,서산시,461,1.1128,0.1103,0.0093
44230104,부창동,논산시,537,0.9077,0.1097,0.0094
44210113,장동,서산시,790,2.2203,0.1096,0.0057
44770250,장항읍,서천군,2567,5.463,0.1089,0.0104
44200114,권곡동,아산시,299,0.7578,0.1088,0.0157
44825250,태안읍,태안군,9557,24.1697,0.1087,0.0056
44210109,예천동,서산시,851,1.3112,0.1086,0.0098
44230110,강산동,논산시,397,0.6031,0.1084,0.0072
44210340,지곡면,서산시,3875,10.4439,0.108,0.0058
44270108,행정동,당진시,318,0.7584,0.1078,0.0044
44133250,성환읍,천안시서북구,7412,19.7283,0.1078,0.0094
44150380,우성면,공주시,4073,8.4638,0.1077,0.0099
44180108,남곡동,보령시,484,0.7509,0.1077,0.0056
44810310,대술면,예산군,3369,5.4605,0.1076,0.0085
44270105,시곡동,당진시,293,0.3771,0.1076,0.0041
44180410,주교면,보령시,3710,7.8959,0.1075,0.0062
44180101,대천동,보령시,831,1.8592,0.1073,0.0087
44150340,반포면,공주시,2011,1.7688,0.1065,0.008
44200119,남동,아산시,121,0.1191,0.1065,0.0134
44150116,소학동,공주시,128,0.2419,0.1065,0.0085
44210320,부석면,서산시,10551,54.2311,0.1058,0.007
44180250,웅천읍,보령시,5743,11.9522,0.1058,0.0082
44131111,청당동,천안시동남구,292,0.3262,0.1054,0.0247
44210400,고북면,서산시,9845,34.139,0.1051,0.0081
44770400,비인면,서천군,2653,4.5357,0.1049,0.0088
44770410,서면,서천군,2819,7.0947,0.1049,0.0085
44200107,법곡동,아산시,170,0.2003,0.1048,0.0055
44230250,강경읍,논산시,1194,1.7011,0.104,0.012
44770380,판교면,서천군,1559,2.3569,0.1037,0.0068
44810350,응봉면,예산군,1534,2.9927,0.1032,0.0078
44270253,송악읍,당진시,8922,20.7955,0.103,0.0073
44131112,유량동,천안시동남구,227,0.1683,0.1028,0.009
44770360,시초면,서천군,2119,5.5581,0.1026,0.0069
44770390,종천면,서천군,2741,5.1938,0.1024,0.0079
44210360,성연면,서산시,2757,4.9763,0.1022,0.0079
44210111,양대동,서산시,1596,6.0008,0.1022,0.0068
44180109,요암동,보령시,394,0.6105,0.102,0.0049
44790320,대치면,청양군,1570,2.0547,0.1012,0.0077
44200360,둔포면,아산시,5695,13.2801,0.1008,0.0073
44200330,탕정면,아산시,1603,2.3662,0.1004,0.0169
44200113,모종동,아산시,399,0.6792,0.1002,0.0266
44180105,명천동,보령시,762,0.7192,0.1002,0.0093
44790250,청양읍,청양군,2569,4.4307,0.1001,0.0091
44200390,선장면,아산시,5335,16.028,0.0999,0.0076
44800253,광천읍,홍성군,3462,5.9064,0.0998,0.0061
44180330,천북면,보령시,3448,8.0338,0.0998,0.006
44133256,직산읍,천안시서북구,3623,7.5431,0.0997,0.0108
44230105,취암동,논산시,296,0.4628,0.0995,0.0144
44150390,사곡면,공주시,1888,3.2582,0.0994,0.0086
44790340,목면,청양군,1450,2.9135,0.0992,0.008
44200103,방축동,아산시,474,0.6449,0.0984,0.0096
44200111,풍기동,아산시,211,0.2933,0.0982,0.0133
44180360,남포면,보령시,6753,16.7262,0.0982,0.0064
44180320,오천면,보령시,2612,3.9282,0.0977,0.0076
44200350,음봉면,아산시,3842,6.9101,0.0976,0.0098
44131116,신방동,천안시동남구,620,0.8583,0.0973,0.0151
44133253,성거읍,천안시서북구,3349,5.9965,0.0973,0.0114
44800250,홍성읍,홍성군,3173,3.7317,0.0972,0.0075
44200380,인주면,아산시,4842,10.9762,0.0969,0.0091
44133109,업성동,천안시서북구,359,0.5815,0.0969,0.0119
44200106,신인동,아산시,278,0.3274,0.0968,0.008
44825320,남면,태안군,4659,17.9756,0.0965,0.0069
44200118,신동,아산시,353,0.7306,0.0965,0.0118
44270310,고대면,당진시,6084,17.5555,0.0963,0.0048
44180102,죽정동,보령시,583,0.6613,0.0959,0.0157
44200104,기산동,아산시,253,0.3581,0.0957,0.0094
44133310,입장면,천안시서북구,3991,8.5125,0.0956,0.0117
44825360,이원면,태안군,2103,7.6319,0.0954,0.0092
44131330,북면,천안시동남구,1979,3.3014,0.0952,0.0101
44770310,마서면,서천군,5202,12.2616,0.0951,0.0075
44150250,유구읍,공주시,3118,4.6538,0.0948,0.0096
44210370,음암면,서산시,6936,12.3822,0.0948,0.005
44800360,결성면,홍성군,2876,5.9994,0.0948,0.0044
44131108,구성동,천안시동남구,199,0.1716,0.0946,0.0143
44131370,동면,천안시동남구,1749,3.1728,0.0945,0.0111
44210390,해미면,서산시,7366,16.3811,0.0944,0.0093
44230420,채운면,논산시,4068,12.5387,0.094,0.0096
44800256,홍북읍,홍성군,4576,8.8796,0.094,0.007
44180106,궁촌동,보령시,277,0.327,0.094,0.0089
44770253,서천읍,서천군,3710,10.2844,0.0936,0.0093
44131360,병천면,천안시동남구,2463,4.4563,0.0936,0.0118
44270390,송산면,당진시,4966,18.4672,0.0935,0.0065
44133105,성성동,천안시서북구,102,0.1331,0.0934,0.0234
44800340,장곡면,홍성군,3814,7.3058,0.093,0.0052
44800370,서부면,홍성군,3373,11.3613,0.093,0.008
44210114,덕지천동,서산시,519,1.1044,0.0929,0.0059
44131250,목천읍,천안시동남구,2464,3.4684,0.0929,0.0093
44800320,금마면,홍성군,4356,8.3618,0.0929,0.0068
44200101,온천동,아산시,151,0.0762,0.0926,0.0307
44810400,오가면,예산군,6793,17.3756,0.0926,0.0078
44131340,성남면,천안시동남구,2458,4.9145,0.0922,0.009
44180400,성주면,보령시,653,0.4546,0.0921,0.0072
44200410,신창면,아산시,5077,11.3833,0.0921,0.0078
44200250,염치읍,아산시,3405,7.0253,0.092,0.0095
44133111,부대동,천안시서북구,284,0.4415,0.0918,0.0108
44825330,근흥면,태안군,4153,9.5578,0.0918,0.0047
44810340,대흥면,예산군,1453,2.4449,0.0917,0.0073
44180340,청소면,보령시,3342,6.2801,0.0917,0.0088
44150370,정안면,공주시,3676,6.916,0.0916,0.0114
44270380,신평면,당진시,8589,21.6528,0.0914,0.0072
44230106,등화동,논산시,553,1.1162,0.0913,0.0099
44770370,문산면,서천군,1581,2.7528,0.0913,0.0069
44270340,정미면,당진시,4061,8.4562,0.0913,0.0058
44270360,순성면,당진시,4932,9.7734,0.091,0.007
44210380,운산면,서산시,6995,13.0155,0.0908,0.0073
44810253,삽교읍,예산군,10267,24.237,0.0905,0.0076
44790390,비봉면,청양군,2784,5.4929,0.0904,0.0064
44710330,부리면,금산군,2203,3.1807,0.0903,0.0075
44200253,배방읍,아산시,4169,7.0075,0.09,0.0106
44230360,연산면,논산시,6252,10.8979,0.0899,0.0099
44150115,신기동,공주시,311,0.4304,0.0898,0.0077
44250315,엄사면,계룡시,953,0.9417,0.0896,0.0084
44150117,상왕동,공주시,237,0.2305,0.0895,0.0074
44800380,갈산면,홍성군,4855,13.3928,0.0891,0.0057
44790310,운곡면,청양군,2257,3.8731,0.0887,0.0087
44825253,안면읍,태안군,6620,16.7143,0.0885,0.0064
44200310,송악면,아산시,2074,2.6481,0.0882,0.0094
44270103,우두동,당진시,553,1.4255,0.0882,0.0059
44150400,신풍면,공주시,2668,4.6087,0.0882,0.0097
44200400,도고면,아산시,3813,7.3013,0.0878,0.0069
44200102,실옥동,아산시,324,0.5132,0.0876,0.0105
44810370,봉산면,예산군,3234,6.0039,0.0875,0.0074
44131120,구룡동,천안시동남구,682,0.8721,0.0873,0.0099
44200105,초사동,아산시,351,0.4221,0.0866,0.0121
44790330,정산면,청양군,2487,4.8319,0.0865,0.009
44200116,득산동,아산시,226,0.3391,0.0864,0.0105
44180107,내항동,보령시,848,1.5237,0.0862,0.0075
44133110,신당동,천안시서북구,337,0.4996,0.0861,0.0134
44825340,소원면,태안군,4829,10.5316,0.086,0.0063
44200112,용화동,아산시,112,0.064,0.0854,0.0137
44810330,광시면,예산군,4017,7.5052,0.0854,0.0095
44810320,신양면,예산군,3987,7.4649,0.0853,0.0092
44710340,군북면,금산군,1940,2.8077,0.0852,0.0079
44710320,제원면,금산군,2419,4.2171,0.0849,0.008
44270370,우강면,당진시,7310,24.5147,0.0848,0.0073
44131115,용곡동,천안시동남구,260,0.4652,0.0845,0.0107
44710250,금산읍,금산군,1602,1.6925,0.0844,0.0108
44200370,영인면,아산시,6415,14.6039,0.0843,0.0085
44760400,양화면,부여군,2588,7.5074,0.0841,0.0079
44270106,수청동,당진시,177,0.2819,0.084,0.0136
44770350,마산면,서천군,1507,2.9532,0.084,0.0098
44230350,부적면,논산시,4849,11.3568,0.0839,0.0103
44230410,은진면,논산시,4132,7.6483,0.0837,0.0092
44200115,배미동,아산시,155,0.3748,0.0836,0.013
44760330,외산면,부여군,2443,4.0452,0.0836,0.0064
44150320,탄천면,공주시,2979,6.2633,0.0834,0.0097
44760380,남면,부여군,2996,9.1546,0.0833,0.0072
44825310,고남면,태안군,2043,5.8428,0.083,0.007
44150113,태봉동,공주시,168,0.2176,0.0824,0.0071
44150330,계룡면,공주시,5864,8.8981,0.0824,0.0082
44270104,원당동,당진시,278,0.5033,0.0823,0.0043
44790370,남양면,청양군,2593,5.0495,0.0821,0.0075
44800330,홍동면,홍성군,3657,6.9337,0.0821,0.0061
44131350,수신면,천안시동남구,1979,4.378,0.0819,0.0134
44230310,성동면,논산시,6133,16.1886,0.0818,0.0113
44810360,덕산면,예산군,3630,5.8874,0.0817,0.0072
44825350,원북면,태안군,4562,11.1395,0.0816,0.0066
44230108,덕지동,논산시,163,0.2834,0.0813,0.0095
44200108,장존동,아산시,677,1.0253,0.081,0.0093
44150111,봉정동,공주시,175,0.2672,0.0806,0.0086
44150122,쌍신동,공주시,323,0.7637,0.0803,0.0108
44810390,신암면,예산군,5614,15.9731,0.0803,0.0087
44210250,대산읍,서산시,7534,18.2011,0.0802,0.0059
44180390,미산면,보령시,1428,1.884,0.0802,0.0084
44180380,주산면,보령시,3140,6.9198,0.0802,0.0073
44180350,청라면,보령시,4505,6.1789,0.08,0.0076
44230253,연무읍,논산시,8780,17.9359,0.08,0.0108
44810250,예산읍,예산군,3353,5.2287,0.08,0.0093
44270107,대덕동,당진시,334,0.4519,0.08,0.0058
44150112,주미동,공주시,104,0.1444,0.0799,0.009
44270330,대호지면,당진시,4638,14.9079,0.0798,0.0062
44150124,검상동,공주시,218,0.3605,0.0797,0.0077
44710360,남이면,금산군,1791,2.1045,0.0792,0.0089
44270250,합덕읍,당진시,8868,24.5841,0.079,0.0083
44800350,은하면,홍성군,2646,4.6985,0.0788,0.0062
44800390,구항면,홍성군,2415,3.8865,0.0788,0.0064
44270111,구룡동,당진시,425,0.5288,0.0787,0.0063
44230320,광석면,논산시,6140,15.0392,0.0785,0.0089
44760450,초촌면,부여군,3146,8.0014,0.0785,0.0067
44230380,벌곡면,논산시,1733,2.128,0.0784,0.0085
44270320,석문면,당진시,8493,37.4794,0.0783,0.0076
44760370,옥산면,부여군,1562,3.6679,0.0781,0.009
44770330,기산면,서천군,2129,7.2214,0.0779,0.0107
44180103,화산동,보령시,320,0.359,0.0778,0.0083
44760250,부여읍,부여군,4722,9.4611,0.0776,0.011
44770320,화양면,서천군,3984,13.7828,0.0775,0.0073
44770340,한산면,서천군,3295,9.09,0.0773,0.0071
44810380,고덕면,예산군,7053,18.3075,0.0773,0.0062
44270110,사기소동,당진시,255,0.2902,0.0769,0.0056
44760340,내산면,부여군,1365,2.5704,0.0766,0.0072
44230400,가야곡면,논산시,4124,7.2222,0.0766,0.011
44131310,풍세면,천안시동남구,3260,6.3489,0.0762,0.0122
44760360,홍산면,부여군,2125,4.0597,0.0761,0.0091
44270350,면천면,당진시,2633,5.0747,0.0758,0.0065
44790360,장평면,청양군,2655,5.9237,0.0756,0.0095
44790380,화성면,청양군,2125,4.0537,0.0752,0.0067
44131320,광덕면,천안시동남구,2350,3.2326,0.075,0.0117
44790350,청남면,청양군,3023,7.8017,0.0749,0.0114
44760390,충화면,부여군,986,2.2125,0.0746,0.0076
44230340,상월면,논산시,5650,11.4509,0.0745,0.0089
44250310,두마면,계룡시,377,0.4025,0.0739,0.0084
44710350,남일면,금산군,2579,4.4173,0.0739,0.0082
44270109,용연동,당진시,260,0.365,0.0733,0.0051
44760320,은산면,부여군,2537,4.519,0.0728,0.008
44710370,진산면,금산군,1494,1.8992,0.0726,0.0076
44230330,노성면,논산시,3860,7.885,0.0723,0.0091
44760410,임천면,부여군,3281,8.7084,0.0717,0.01
44200109,좌부동,아산시,257,0.3314,0.0713,0.0134
44230107,지산동,논산시,721,1.6524,0.0712,0.0102
44230390,양촌면,논산시,6049,8.6601,0.0708,0.0103
44250101,금암동,계룡시,154,0.1133,0.0703,0.015
44760440,석성면,부여군,2921,7.0205,0.0702,0.0098
44230111,관촉동,논산시,212,0.4459,0.0695,0.0117
44150310,이인면,공주시,2864,5.2314,0.0689,0.0088
44760350,구룡면,부여군,2842,7.3578,0.0679,0.0099
44710310,금성면,금산군,2750,4.4888,0.0671,0.0082
44760430,세도면,부여군,3569,10.2121,0.0669,0.0113
44150114,오곡동,공주시,375,0.4864,0.0668,0.0081
44710380,복수면,금산군,1530,1.6838,0.0664,0.009
44760310,규암면,부여군,4600,12.2236,0.0659,0.0093
44760420,장암면,부여군,2672,7.8192,0.0569,0.0116
44710390,추부면,금산군,2286,2.6713,0.054,0.0129
