storm_id,start,end,peak_date,peak_mm,total_mm,days,observed,grade,lag_hours,rel_orbit,obs_kst,acquisition_reliability,status,next_pass_kst,next_pass_orbit,next_pass_lag_hours,reason
S20170703,2017-07-02,2017-07-05,2017-07-03,49.0,104.5,4,True,B,75.5,127.0,2017-07-06 18:31,0.87,observed_late,,,,peak +76시간 — 잔존 침수만 관측. 논은 배수됐을 수 있음
S20170710,2017-07-10,2017-07-11,2017-07-10,33.7,38.5,2,True,B,63.5,134.0,2017-07-13 06:31,0.63,observed_late,,,,peak +64시간 — 잔존 침수만 관측. 논은 배수됐을 수 있음
S20170715,2017-07-15,2017-07-17,2017-07-15,82.8,102.7,3,True,B,75.5,127.0,2017-07-18 18:31,0.87,observed_late,,,,peak +76시간 — 잔존 침수만 관측. 논은 배수됐을 수 있음
S20170731,2017-07-31,2017-08-02,2017-07-31,48.9,57.0,3,True,C,135.5,134.0,2017-08-06 06:31,0.63,observed_late,,,,peak +136시간 — 사건을 놓친 관측. 현장조사 필요
S20170810,2017-08-10,2017-08-10,2017-08-10,35.2,35.2,1,True,A,27.5,127.0,2017-08-11 18:31,0.87,observed_good,,,,peak +28시간 — 침수 범위 판정 신뢰 가능
S20170814,2017-08-14,2017-08-16,2017-08-14,87.4,102.7,3,True,B,87.5,134.0,2017-08-18 06:31,0.63,observed_late,,,,peak +88시간 — 잔존 침수만 관측. 논은 배수됐을 수 있음
S20170820,2017-08-20,2017-08-22,2017-08-20,42.6,75.5,3,True,B,75.5,127.0,2017-08-23 18:31,0.87,observed_late,,,,peak +76시간 — 잔존 침수만 관측. 논은 배수됐을 수 있음
S20170911,2017-09-11,2017-09-13,2017-09-11,62.9,62.9,3,True,C,123.5,127.0,2017-09-16 18:31,0.87,observed_late,,,,peak +124시간 — 사건을 놓친 관측. 현장조사 필요
S20180228,2018-02-28,2018-02-28,2018-02-28,33.0,33.0,1,True,C,231.5,134.0,2018-03-10 06:31,0.63,observed_late,,,,peak +232시간 — 사건을 놓친 관측. 현장조사 필요
S20180423,2018-04-23,2018-04-25,2018-04-23,45.7,53.8,3,True,B,87.5,134.0,2018-04-27 06:31,0.63,observed_late,,,,peak +88시간 — 잔존 침수만 관측. 논은 배수됐을 수 있음
S20180701,2018-06-26,2018-07-03,2018-07-01,61.0,177.0,6,True,A,3.5,127.0,2018-07-01 18:31,0.87,observed_good,,,,peak +4시간 — 침수 범위 판정 신뢰 가능
S20180827,2018-08-24,2018-09-05,2018-08-27,116.6,349.9,11,True,B,75.5,127.0,2018-08-30 18:31,0.87,observed_late,,,,peak +76시간 — 잔존 침수만 관측. 논은 배수됐을 수 있음
S20180921,2018-09-21,2018-09-21,2018-09-21,33.1,33.1,1,True,B,51.5,127.0,2018-09-23 18:31,0.87,observed_late,,,,peak +52시간 — 잔존 침수만 관측. 논은 배수됐을 수 있음
S20181006,2018-10-05,2018-10-08,2018-10-06,76.7,116.2,4,True,C,135.5,134.0,2018-10-12 06:31,0.63,observed_late,,,,peak +136시간 — 사건을 놓친 관측. 현장조사 필요
S20190720,2019-07-20,2019-07-20,2019-07-20,32.9,32.9,1,True,A,3.5,127.0,2019-07-20 18:31,0.87,observed_good,,,,peak +4시간 — 침수 범위 판정 신뢰 가능
S20190728,2019-07-26,2019-07-28,2019-07-28,33.9,73.7,3,False,C,,,,,missed,2026-09-07 06:31,134.0,62343.5,peak 이후 10일 안에 충남 전체커버 관측 없음 — 현장조사 외 확인수단 없음
S20190905,2019-09-05,2019-09-06,2019-09-05,21.7,29.0,2,True,A,27.5,127.0,2019-09-06 18:31,0.87,observed_good,,,,peak +28시간 — 침수 범위 판정 신뢰 가능
S20190922,2019-09-22,2019-09-24,2019-09-22,51.8,51.8,3,True,B,63.5,134.0,2019-09-25 06:31,0.63,observed_late,,,,peak +64시간 — 잔존 침수만 관측. 논은 배수됐을 수 있음
S20191002,2019-10-02,2019-10-04,2019-10-02,62.4,77.2,3,True,B,111.5,134.0,2019-10-07 06:31,0.63,observed_late,,,,peak +112시간 — 잔존 침수만 관측. 논은 배수됐을 수 있음
S20191117,2019-11-17,2019-11-19,2019-11-17,42.3,56.9,3,True,A,3.5,127.0,2019-11-17 18:31,0.87,observed_good,,,,peak +4시간 — 침수 범위 판정 신뢰 가능
S20200107,2020-01-07,2020-01-09,2020-01-07,55.3,59.7,3,True,B,87.5,134.0,2020-01-11 06:31,0.63,observed_late,,,,peak +88시간 — 잔존 침수만 관측. 논은 배수됐을 수 있음
S20200225,2020-02-25,2020-02-25,2020-02-25,33.0,33.0,1,True,B,63.5,134.0,2020-02-28 06:31,0.63,observed_late,,,,peak +64시간 — 잔존 침수만 관측. 논은 배수됐을 수 있음
S20200612,2020-06-12,2020-06-12,2020-06-12,7.6,7.6,1,True,B,63.5,134.0,2020-06-15 06:31,0.63,observed_late,,,,peak +64시간 — 잔존 침수만 관측. 논은 배수됐을 수 있음
S20200629,2020-06-29,2020-07-01,2020-06-29,45.3,80.1,3,True,B,75.5,127.0,2020-07-02 18:31,0.87,observed_late,,,,peak +76시간 — 잔존 침수만 관측. 논은 배수됐을 수 있음
S20200713,2020-07-10,2020-07-15,2020-07-13,90.7,175.5,5,True,A,27.5,127.0,2020-07-14 18:31,0.87,observed_good,,,,peak +28시간 — 침수 범위 판정 신뢰 가능
S20200723,2020-07-23,2020-07-25,2020-07-23,72.3,96.6,3,True,B,75.5,127.0,2020-07-26 18:31,0.87,observed_late,,,,peak +76시간 — 잔존 침수만 관측. 논은 배수됐을 수 있음
S20200729,2020-07-29,2020-07-31,2020-07-29,34.8,52.0,3,True,B,87.5,134.0,2020-08-02 06:32,0.63,observed_late,,,,peak +88시간 — 잔존 침수만 관측. 논은 배수됐을 수 있음
S20200807,2020-08-06,2020-08-12,2020-08-07,74.7,301.4,7,True,A,3.5,127.0,2020-08-07 18:31,0.87,observed_good,,,,peak +4시간 — 침수 범위 판정 신뢰 가능
S20200907,2020-09-03,2020-09-09,2020-09-07,73.9,144.6,5,True,C,123.5,127.0,2020-09-12 18:31,0.87,observed_late,,,,peak +124시간 — 사건을 놓친 관측. 현장조사 필요
S20210301,2021-03-01,2021-03-03,2021-03-01,51.8,52.6,3,True,B,111.5,134.0,2021-03-06 06:31,0.63,observed_late,,,,peak +112시간 — 잔존 침수만 관측. 논은 배수됐을 수 있음
S20210516,2021-05-16,2021-05-17,2021-05-16,45.0,49.5,2,True,A,15.5,134.0,2021-05-17 06:32,0.63,observed_good,,,,peak +16시간 — 침수 범위 판정 신뢰 가능
S20210703,2021-07-03,2021-07-08,2021-07-03,33.8,118.3,4,True,C,147.5,127.0,2021-07-09 18:31,0.87,observed_late,,,,peak +148시간 — 사건을 놓친 관측. 현장조사 필요
S20210823,2021-08-21,2021-08-26,2021-08-23,56.7,158.2,5,True,B,75.5,127.0,2021-08-26 18:31,0.87,observed_late,,,,peak +76시간 — 잔존 침수만 관측. 논은 배수됐을 수 있음
S20210901,2021-09-01,2021-09-02,2021-09-01,37.1,40.9,2,True,A,15.5,134.0,2021-09-02 06:32,0.63,observed_good,,,,peak +16시간 — 침수 범위 판정 신뢰 가능
S20210906,2021-09-06,2021-09-08,2021-09-06,41.9,50.6,3,True,A,27.5,127.0,2021-09-07 18:31,0.87,observed_good,,,,peak +28시간 — 침수 범위 판정 신뢰 가능
S20210921,2021-09-21,2021-09-21,2021-09-21,37.7,37.7,1,True,B,111.5,134.0,2021-09-26 06:32,0.63,observed_late,,,,peak +112시간 — 잔존 침수만 관측. 논은 배수됐을 수 있음
S20220629,2022-06-29,2022-07-01,2022-06-29,32.2,61.3,3,True,C,123.5,127.0,2022-07-04 18:31,0.87,observed_late,,,,peak +124시간 — 사건을 놓친 관측. 현장조사 필요
S20220713,2022-07-13,2022-07-13,2022-07-13,37.0,37.0,1,True,B,75.5,127.0,2022-07-16 18:31,0.87,observed_late,,,,peak +76시간 — 잔존 침수만 관측. 논은 배수됐을 수 있음
S20220721,2022-07-21,2022-07-21,2022-07-21,33.1,33.1,1,True,C,171.5,127.0,2022-07-28 18:31,0.87,observed_late,,,,peak +172시간 — 사건을 놓친 관측. 현장조사 필요
S20220801,2022-08-01,2022-08-02,2022-08-01,20.5,29.3,2,True,C,195.5,127.0,2022-08-09 18:32,0.87,observed_late,,,,peak +196시간 — 사건을 놓친 관측. 현장조사 필요
S20220810,2022-08-10,2022-08-13,2022-08-10,72.1,146.2,4,False,C,,,,,missed,2026-09-07 06:31,134.0,35727.5,peak 이후 10일 안에 충남 전체커버 관측 없음 — 현장조사 외 확인수단 없음
S20220830,2022-08-30,2022-09-01,2022-08-30,70.6,75.1,3,True,B,75.5,127.0,2022-09-02 18:32,0.87,observed_late,,,,peak +76시간 — 잔존 침수만 관측. 논은 배수됐을 수 있음
S20220905,2022-09-05,2022-09-07,2022-09-05,52.1,95.6,3,True,C,219.5,127.0,2022-09-14 18:32,0.87,observed_late,,,,peak +220시간 — 사건을 놓친 관측. 현장조사 필요
S20221004,2022-10-04,2022-10-05,2022-10-04,30.2,30.4,2,True,B,99.5,127.0,2022-10-08 18:32,0.87,observed_late,,,,peak +100시간 — 잔존 침수만 관측. 논은 배수됐을 수 있음
S20230506,2023-05-06,2023-05-07,2023-05-06,36.0,39.2,2,False,C,,,,,missed,2026-09-07 06:31,134.0,29271.5,peak 이후 10일 안에 충남 전체커버 관측 없음 — 현장조사 외 확인수단 없음
S20230529,2023-05-29,2023-05-30,2023-05-29,28.6,29.2,2,False,C,,,,,missed,2026-09-07 06:31,134.0,28719.5,peak 이후 10일 안에 충남 전체커버 관측 없음 — 현장조사 외 확인수단 없음
S20230629,2023-06-26,2023-07-01,2023-06-29,48.6,124.1,4,True,A,3.5,127.0,2023-06-29 18:32,0.87,observed_good,,,,peak +4시간 — 침수 범위 판정 신뢰 가능
S20230714,2023-07-13,2023-07-19,2023-07-14,118.6,279.1,7,True,C,219.5,127.0,2023-07-23 18:32,0.87,observed_late,,,,peak +220시간 — 사건을 놓친 관측. 현장조사 필요
S20230723,2023-07-23,2023-07-25,2023-07-23,50.9,62.1,3,True,A,3.5,127.0,2023-07-23 18:32,0.87,observed_good,,,,peak +4시간 — 침수 범위 판정 신뢰 가능
S20230810,2023-08-10,2023-08-12,2023-08-10,93.5,121.8,3,True,C,147.5,127.0,2023-08-16 18:32,0.87,observed_late,,,,peak +148시간 — 사건을 놓친 관측. 현장조사 필요
S20230824,2023-08-24,2023-08-24,2023-08-24,10.4,10.4,1,True,B,99.5,127.0,2023-08-28 18:32,0.87,observed_late,,,,peak +100시간 — 잔존 침수만 관측. 논은 배수됐을 수 있음
S20230830,2023-08-30,2023-08-31,2023-08-30,31.8,32.2,2,False,C,,,,,missed,2026-09-07 06:31,134.0,26487.5,peak 이후 10일 안에 충남 전체커버 관측 없음 — 현장조사 외 확인수단 없음
S20230920,2023-09-15,2023-09-22,2023-09-20,91.2,178.2,7,True,A,27.5,127.0,2023-09-21 18:32,0.87,observed_good,,,,peak +28시간 — 침수 범위 판정 신뢰 가능
S20231106,2023-11-06,2023-11-07,2023-11-06,34.2,34.5,2,True,B,51.5,127.0,2023-11-08 18:32,0.87,observed_late,,,,peak +52시간 — 잔존 침수만 관측. 논은 배수됐을 수 있음
S20231215,2023-12-15,2023-12-16,2023-12-15,30.5,32.4,2,False,C,,,,,missed,2026-09-07 06:31,134.0,23919.5,peak 이후 10일 안에 충남 전체커버 관측 없음 — 현장조사 외 확인수단 없음
S20240505,2024-05-05,2024-05-07,2024-05-05,60.1,81.8,3,True,A,27.5,127.0,2024-05-06 18:32,0.87,observed_good,,,,peak +28시간 — 침수 범위 판정 신뢰 가능
S20240622,2024-06-22,2024-06-22,2024-06-22,35.9,35.9,1,False,C,,,,,missed,2026-09-07 06:31,134.0,19359.5,peak 이후 10일 안에 충남 전체커버 관측 없음 — 현장조사 외 확인수단 없음
S20240702,2024-07-02,2024-07-02,2024-07-02,33.1,33.1,1,True,B,75.5,127.0,2024-07-05 18:32,0.87,observed_late,,,,peak +76시간 — 잔존 침수만 관측. 논은 배수됐을 수 있음
S20240710,2024-07-07,2024-07-12,2024-07-10,85.8,232.3,6,True,C,171.5,127.0,2024-07-17 18:32,0.87,observed_late,,,,peak +172시간 — 사건을 놓친 관측. 현장조사 필요
S20240718,2024-07-18,2024-07-18,2024-07-18,24.9,24.9,1,False,C,,,,,missed,2026-09-07 06:31,134.0,18735.5,peak 이후 10일 안에 충남 전체커버 관측 없음 — 현장조사 외 확인수단 없음
S20240821,2024-08-21,2024-08-21,2024-08-21,35.3,35.3,1,True,A,27.5,127.0,2024-08-22 18:32,0.87,observed_good,,,,peak +28시간 — 침수 범위 판정 신뢰 가능
S20240920,2024-09-20,2024-09-22,2024-09-20,50.1,99.5,3,True,C,171.5,127.0,2024-09-27 18:32,0.87,observed_late,,,,peak +172시간 — 사건을 놓친 관측. 현장조사 필요
S20241018,2024-10-18,2024-10-20,2024-10-18,47.1,51.8,3,True,B,75.5,127.0,2024-10-21 18:32,0.87,observed_late,,,,peak +76시간 — 잔존 침수만 관측. 논은 배수됐을 수 있음
S20250621,2025-06-20,2025-06-23,2025-06-21,55.8,110.2,4,True,C,219.5,127.0,2025-06-30 18:31,0.87,observed_late,,,,peak +220시간 — 사건을 놓친 관측. 현장조사 필요
S20250717,2025-07-17,2025-07-20,2025-07-17,74.9,129.7,4,True,A,39.5,134.0,2025-07-19 06:31,0.63,observed_good,,,,peak +40시간 — 침수 범위 판정 신뢰 가능
S20250826,2025-08-26,2025-08-26,2025-08-26,32.1,32.1,1,True,B,75.5,127.0,2025-08-29 18:31,0.87,observed_late,,,,peak +76시간 — 잔존 침수만 관측. 논은 배수됐을 수 있음
S20250913,2025-09-13,2025-09-14,2025-09-13,33.5,33.7,2,True,C,219.5,127.0,2025-09-22 18:31,0.87,observed_late,,,,peak +220시간 — 사건을 놓친 관측. 현장조사 필요
S20250920,2025-09-20,2025-09-22,2025-09-20,52.1,52.2,3,True,B,51.5,127.0,2025-09-22 18:31,0.87,observed_late,,,,peak +52시간 — 잔존 침수만 관측. 논은 배수됐을 수 있음
S20250928,2025-09-28,2025-09-28,2025-09-28,31.7,31.7,1,True,C,147.5,127.0,2025-10-04 18:31,0.87,observed_late,,,,peak +148시간 — 사건을 놓친 관측. 현장조사 필요
S20251016,2025-10-16,2025-10-18,2025-10-16,24.9,58.3,3,True,A,3.5,127.0,2025-10-16 18:31,0.87,observed_good,,,,peak +4시간 — 침수 범위 판정 신뢰 가능
S20260520,2026-05-20,2026-05-22,2026-05-20,49.8,58.2,3,False,C,,,,,missed,2026-09-07 06:31,134.0,2631.5,peak 이후 10일 안에 충남 전체커버 관측 없음 — 현장조사 외 확인수단 없음
S20260620,2026-06-20,2026-06-21,2026-06-20,44.2,44.2,2,True,C,159.5,134.0,2026-06-27 06:31,0.63,observed_late,,,,peak +160시간 — 사건을 놓친 관측. 현장조사 필요
S20260709,2026-07-08,2026-07-11,2026-07-09,52.3,108.8,4,True,C,123.5,127.0,2026-07-14 18:31,0.87,observed_late,,,,peak +124시간 — 사건을 놓친 관측. 현장조사 필요
S20260722,2026-07-22,2026-07-23,2026-07-22,24.0,34.9,2,False,C,,,,,missed,2026-09-07 06:31,134.0,1119.5,peak 이후 10일 안에 충남 전체커버 관측 없음 — 현장조사 외 확인수단 없음
S20260817,2026-08-17,2026-08-17,2026-08-17,13.3,13.3,1,True,C,207.5,134.0,2026-08-26 06:31,0.63,observed_late,,,,peak +208시간 — 사건을 놓친 관측. 현장조사 필요
S20260821,2026-08-21,2026-08-23,2026-08-21,33.3,54.7,3,True,B,111.5,134.0,2026-08-26 06:31,0.63,observed_late,,,,peak +112시간 — 잔존 침수만 관측. 논은 배수됐을 수 있음
S20260831,2026-08-28,2026-09-02,2026-08-31,100.2,206.3,6,False,C,,,,,pending,2026-09-07 06:31,134.0,159.5,아직 관측 전 — 다음 통과 대기
